CustomerID,AccountType,Balance,BranchCode,Status
10001,Investment,5097.043255889654,NYC,Active
10002,,3338.099767177924,CHI,Active
10003,Investment,5540.913651559677,CHI,Active
10004,Investment,4899.523781101726,NYC,Active
10005,Checking,4522.103906267181,CHI,Active
10006,Checking,3184.872675916804,HOU,Active
10007,Investment,,CHI,Active
10008,Savings,6510.782451651512,DAL,
10009,Investment,6001.834375248762,NYC,Active
10010,Investment,3044.889510402898,HOU,Active
10011,Investment,5198.664610858452,NYC,Active
10012,Investment,6502.774246743578,HOU,Active
10013,Checking,1661.1894377572567,DAL,Active
10014,Investment,6086.72038475987,NYC,Active
10015,Savings,3674.7524821083066,CHI,Active
10016,Checking,6141.197337186319,HOU,Active
10017,Savings,3473.4816869149663,NYC,
10018,Savings,1390.2357986709621,CHI,Closed
10019,Savings,1744.9151242336748,NYC,Active
10020,Savings,5096.1698933227635,NYC,Active
10021,Checking,5519.445003442964,NYC,Active
10022,Checking,3191.366749791183,HOU,Active
10023,Savings,,CHI,Active
10024,Savings,1676.9598754620802,DAL,Active
10025,Checking,4867.840402705367,HOU,Active
10026,Checking,2577.967600475087,HOU,Active
10027,Checking,3696.3277843956816,HOU,Active
10028,Investment,5094.797342632828,DAL,
10029,Investment,3279.1732694320954,CHI,Closed
10030,Investment,4230.888911540349,CHI,Dormant
10031,Savings,7012.585618428881,CHI,Active
10032,Investment,3846.2162609537027,NYC,Closed
10033,Savings,,NYC,Active
10034,Savings,2740.5862906847638,NYC,Dormant
10035,Investment,,DAL,Active
10036,Savings,7883.137241315801,NYC,Dormant
10037,Investment,56.71099974542176,DAL,Active
10038,Investment,3406.2094890590465,CHI,Closed
10039,Checking,6154.14425436108,NYC,Closed
10040,Investment,4593.909227914015,NYC,Active
10041,Checking,5742.291746742618,HOU,Active
10042,Investment,3792.029626568359,DAL,
10043,Investment,5173.1795749458,CHI,Active
10044,Checking,4688.645529215841,HOU,Closed
10045,Checking,7335.564123319615,HOU,Active
10046,Investment,5508.841686602426,CHI,Active
10047,Savings,5675.2053241504045,HOU,Active
10048,Checking,4176.246067755065,DAL,Active
10049,Savings,4024.7875518550127,DAL,Dormant
10050,Savings,4134.883624360758,NYC,Active
10051,Savings,5788.904284756593,HOU,Active
10052,Checking,4158.031038359474,NYC,Active
10053,Savings,5579.549713792826,HOU,Active
10054,Checking,9150.801597290878,DAL,Closed
10055,Savings,6742.249406863384,DAL,
10056,Investment,4347.952935664318,DAL,Active
10057,Investment,7402.427844327889,HOU,Dormant
10058,Checking,4183.849253956897,DAL,Dormant
10059,Investment,923.7509296442922,HOU,Active
10060,Investment,2983.827378165192,NYC,
10061,Savings,1258.4161579482889,HOU,Active
10062,Checking,4296.973031917382,NYC,Active
10063,Savings,5036.836758379103,HOU,Closed
10064,Savings,8352.874624550564,NYC,Active
10065,Savings,5653.854747528325,DAL,Dormant
10066,Savings,4561.798942382272,NYC,Closed
10067,Savings,6658.811162366978,DAL,Active
10068,Savings,577.7293819842298,DAL,Closed
10069,Savings,5471.229116217132,NYC,Active
10070,Checking,6541.730387773934,HOU,Active
10071,Investment,2042.8275084403167,HOU,Active
10072,Savings,7287.508086413858,CHI,Closed
10073,Savings,5676.992814988828,HOU,Active
10074,Savings,4169.424172198397,CHI,Active
10075,Savings,6265.563732212569,HOU,Active
10076,Savings,9541.38571560879,HOU,Dormant
10077,Savings,5363.73251011699,DAL,Active
10078,Investment,5496.441172600672,CHI,Active
10079,Investment,4081.2782009195116,HOU,Active
10080,Savings,3300.3112610704165,CHI,Active
10081,Investment,6660.671633088491,DAL,Dormant
10082,Checking,3287.8323481822654,DAL,Active
10083,Savings,5143.132474438785,CHI,Active
10084,Checking,4044.6851064697667,DAL,
10085,Checking,5957.959651492783,NYC,Active
10086,Savings,5667.324210573896,NYC,
10087,Investment,7075.079888515798,DAL,Active
10088,Checking,3979.967202290506,NYC,Dormant
10089,Savings,4460.250129413257,HOU,Active
10090,Checking,3042.4725684353853,CHI,Active
10091,Checking,4111.413479847777,HOU,Dormant
10092,Checking,5754.600986089705,CHI,Dormant
10093,Checking,6513.977233290703,DAL,Dormant
10094,Investment,3155.6693516447494,HOU,Active
10095,Checking,6739.21184021132,DAL,Dormant
10096,Checking,7711.275717609902,DAL,Dormant
10097,Checking,5826.869806447402,CHI,Active
10098,Investment,8753.591625116132,CHI,Dormant
10099,Checking,3452.421601792854,CHI,Dormant
10100,Checking,2510.690593377166,HOU,Active
10101,Investment,1442.5595021914428,NYC,Active
10102,Investment,7992.088622978366,CHI,Active
10103,Investment,6308.731312708115,CHI,Active
10104,Checking,4888.83065817909,HOU,Active
10105,Investment,5559.93725263964,CHI,Active
10106,Investment,2749.021905403247,HOU,Active
10107,Checking,9891.503959233652,DAL,Active
10108,Investment,5258.442363950455,CHI,Active
10109,Checking,5218.789589209786,CHI,Dormant
10110,Savings,6451.533247797384,DAL,Closed
10111,Investment,5962.018463473427,DAL,Active
10112,Savings,5447.768048558262,DAL,
10113,Checking,3419.0510891093763,CHI,Active
10114,Investment,,NYC,Active
10115,Checking,8764.048992950067,NYC,Active
10116,Savings,7690.840092309955,NYC,Active
10117,Checking,8186.373253278794,CHI,Dormant
10118,Investment,3977.56864713763,DAL,Dormant
10119,Investment,3020.7903594828385,CHI,Active
10120,Savings,4748.426159800703,DAL,Active
10121,Checking,5111.449824577389,CHI,Active
10122,Investment,7188.383036941897,CHI,Active
10123,Savings,1615.070740570361,DAL,Active
10124,Investment,8059.100638921227,NYC,Active
10125,Investment,4683.984202842021,DAL,Dormant
10126,Checking,4146.23786010516,HOU,Closed
10127,Investment,2975.791249479665,HOU,Active
10128,Checking,1690.2866562684612,DAL,Closed
10129,Investment,6646.341167923829,CHI,Active
10130,Savings,5146.635934376808,HOU,Active
10131,Investment,2420.078200517892,HOU,Active
10132,Checking,2409.842455872768,CHI,Active
10133,Checking,4328.430601419744,CHI,
10134,Savings,8338.043050578786,NYC,Active
10135,Investment,4480.817297272791,CHI,Active
10136,Investment,1993.7140937637878,DAL,Active
10137,Savings,4508.513871828111,DAL,Active
10138,Investment,4454.552860504659,NYC,Closed
10139,Investment,-393.7732858831432,HOU,Active
10140,,4891.410266964375,HOU,Active
10141,Investment,4538.130939582644,CHI,Active
10142,Investment,6392.412729626836,DAL,Active
10143,Savings,8697.91218989069,HOU,Active
10144,Savings,7253.130059095514,NYC,Active
10145,Checking,4462.222618890339,NYC,Active
10146,Investment,2786.9481825166595,DAL,Dormant
10147,Investment,10146.71960649972,NYC,Dormant
10148,Investment,5118.436868028976,NYC,Dormant
10149,Checking,5027.858583825892,DAL,Active
10150,Checking,4951.749825779993,CHI,Active
10151,Savings,5396.1695215357095,CHI,Active
10152,Checking,4711.279176152115,NYC,Dormant
10153,Investment,3852.6759862395274,CHI,Active
10154,Investment,3906.2821175192157,CHI,Active
10155,Checking,4934.493459568003,NYC,Active
10156,Investment,3913.1504577324704,CHI,Active
10157,Investment,3574.3084346456712,NYC,Active
10158,Checking,5212.860455383794,HOU,Active
10159,Checking,4490.04556515829,DAL,Dormant
10160,Investment,8007.985977165377,DAL,Active
10161,Investment,-301.9396167860241,CHI,Active
10162,Investment,7183.013703844923,CHI,Active
10163,Savings,7492.170384995258,CHI,Active
10164,Savings,853.2195351837008,DAL,Active
10165,Savings,4314.624811839302,HOU,Dormant
10166,Checking,4257.118268008417,HOU,Active
10167,Savings,2184.9766105643575,DAL,Dormant
10168,Checking,3444.3666248182494,HOU,Active
10169,Checking,2778.8483090683426,DAL,Active
10170,Savings,8504.540886847246,HOU,Dormant
10171,Savings,6871.356786294922,NYC,Active
10172,Savings,7543.110189988318,NYC,Active
10173,Investment,6443.34412808647,DAL,Active
10174,Savings,2741.8964575655414,HOU,Active
10175,Investment,3950.9594674404525,CHI,Dormant
10176,Checking,5978.749122455836,HOU,Active
10177,Investment,2555.7443822161094,NYC,Dormant
10178,Savings,6425.996860344776,NYC,Closed
10179,Checking,4519.34920368373,HOU,Active
10180,Checking,4250.358384900805,HOU,Closed
10181,Checking,6421.919936406983,CHI,Active
10182,Investment,5888.526622972079,CHI,
10183,Savings,4278.06766836184,HOU,Active
10184,Checking,7318.659606728496,HOU,Active
10185,Checking,2837.8733448002054,HOU,Active
10186,Checking,6231.871213888528,HOU,Active
10187,Investment,6186.202515936768,DAL,Active
10188,Investment,4380.90712137202,HOU,Dormant
10189,Savings,5652.266044484236,CHI,Active
10190,Investment,2497.7728472293943,NYC,Active
10191,Checking,6848.054038413802,DAL,Dormant
10192,Savings,4630.195727114022,HOU,Active
10193,Checking,3954.553958961921,NYC,
10194,Checking,7098.018451673779,DAL,Dormant
10195,Investment,3591.3126189144814,NYC,
10196,Savings,2183.0774072728805,HOU,Dormant
10197,Investment,1886.7416529521925,HOU,Active
10198,Investment,6212.01990269128,CHI,Active
10199,Savings,2439.1412950074337,HOU,Dormant
10200,Checking,8509.588363968729,HOU,Active
10201,Checking,836.141184232556,DAL,Active
10202,Savings,8392.912736580076,CHI,Active
10203,Checking,5422.0349344052365,DAL,
10204,Savings,,NYC,Active
10205,Savings,3910.1618263821006,HOU,Active
10206,Investment,5798.2722287041415,NYC,Active
10207,Savings,4924.730595150303,DAL,Active
10208,Investment,7206.603764033043,HOU,Active
10209,Checking,5228.455297324079,HOU,Active
10210,Checking,5300.603522923755,DAL,Active
10211,Checking,4272.775575572288,DAL,Dormant
10212,Checking,4886.108752557865,DAL,Active
10213,,5615.603537784118,DAL,Dormant
10214,Checking,1579.6632146867487,DAL,Closed
10215,Savings,2303.629155788574,HOU,Active
10216,Savings,6486.5281880454295,DAL,Active
10217,Savings,5341.730876255884,HOU,Active
10218,Investment,4632.033327294642,HOU,Closed
10219,Checking,5036.867866130787,DAL,Active
10220,Checking,5695.163410723342,DAL,Active
10221,Checking,3920.480639381277,CHI,Active
10222,Investment,3443.3905491953747,HOU,Active
10223,Savings,5391.6905101953635,DAL,Active
10224,Savings,3043.2544447699356,DAL,Active
10225,Checking,5816.5055114289435,DAL,Dormant
10226,Savings,1594.8327915243194,CHI,Active
10227,Savings,7058.311274651287,CHI,Active
10228,Investment,5945.194964826086,NYC,Active
10229,Investment,5512.059468627751,HOU,Dormant
10230,Investment,6965.381967891028,NYC,Active
10231,Investment,8330.948888925153,DAL,Closed
10232,Checking,7028.740130036261,CHI,Active
10233,Investment,1318.2515373367096,CHI,Active
10234,Savings,2440.846066528597,NYC,Active
10235,Checking,3750.3628446086423,CHI,Active
10236,Savings,5052.182100421667,DAL,Active
10237,Savings,6035.318040938246,CHI,Active
10238,Savings,3548.512373693069,NYC,Dormant
10239,Investment,5373.533528954156,DAL,Active
10240,,3489.234135293355,NYC,Active
10241,Checking,3776.9643940161036,CHI,Active
10242,Checking,2186.6778063035554,NYC,Active
10243,Investment,3153.5335077781915,NYC,Active
10244,Savings,2296.630788767333,HOU,Active
10245,Checking,3048.2534940453343,CHI,Active
10246,Investment,7107.2835932156795,CHI,Active
10247,Investment,3101.2022223361137,NYC,Active
10248,Investment,10264.764129674782,HOU,Active
10249,Savings,5986.635801761779,CHI,Active
10250,Investment,5369.672247389748,DAL,Active
10251,Investment,3283.284439637573,NYC,
10252,Investment,6400.619758817983,CHI,Active
10253,Investment,3848.7243475244522,DAL,Active
10254,Checking,5244.019629290723,CHI,Active
10255,Checking,10120.16907653759,DAL,Dormant
10256,Investment,4807.8802005507005,NYC,Dormant
10257,Savings,7298.546652571351,CHI,Active
10258,Checking,3593.6471497482253,CHI,
10259,Investment,4930.0230190060765,HOU,Active
10260,Checking,8541.60127127102,NYC,Active
10261,Checking,3746.0658844244654,DAL,Dormant
10262,Savings,8624.897115993857,CHI,Dormant
10263,Investment,6415.50387091095,CHI,Active
10264,Investment,3875.066448211465,DAL,Active
10265,Savings,6264.815478111042,NYC,Active
10266,Savings,6945.10889925346,HOU,Active
10267,Investment,6243.619924434393,HOU,Dormant
10268,Investment,1859.550560219087,CHI,Active
10269,Savings,3545.725648350263,DAL,Active
10270,Checking,4504.9627288969905,CHI,Active
10271,Checking,4851.133141799907,DAL,Active
10272,Savings,6241.344195101356,HOU,Active
10273,Checking,5355.402001866508,NYC,Active
10274,Savings,2329.3112825797975,DAL,
10275,Checking,5760.395702011927,HOU,Dormant
10276,Checking,6221.171490567646,CHI,Active
10277,Investment,6119.58089586208,DAL,Closed
10278,Investment,7161.5614511092435,NYC,Dormant
10279,Checking,6667.844309097808,CHI,Dormant
10280,,5918.360158456873,CHI,Active
10281,Investment,4859.668577082706,HOU,Active
10282,Investment,1678.0781329680171,DAL,Active
10283,Investment,5859.236438265172,CHI,Active
10284,Savings,5415.375374326222,NYC,Active
10285,Checking,,DAL,Active
10286,Investment,2446.502848359381,NYC,Active
10287,Checking,2837.886919183475,CHI,Dormant
10288,Savings,7106.3057066658075,NYC,Active
10289,Savings,4920.88969228669,HOU,Active
10290,Investment,6363.001394745249,NYC,
10291,Savings,5056.636752260923,DAL,Closed
10292,Checking,5059.51227899149,NYC,Dormant
10293,Investment,6876.567611951996,NYC,
10294,Checking,3967.9105435652523,HOU,Active
10295,Checking,5192.241553881967,NYC,
10296,Savings,4075.4494225899152,NYC,Active
10297,Savings,4131.007545135369,CHI,Active
10298,Savings,4381.6557530627215,CHI,Active
10299,Savings,5444.267543267426,DAL,Active
10300,Savings,4042.5027566730455,CHI,Active
10301,Investment,7511.512251147042,CHI,Active
10302,Checking,3210.785395560992,CHI,Dormant
10303,Checking,4626.256711677282,CHI,Active
10304,Checking,4120.5378834516505,HOU,Active
10305,Checking,7893.955768707466,CHI,Dormant
10306,Savings,5393.10955302315,HOU,Active
10307,Checking,7063.68907893727,HOU,Active
10308,Investment,2028.8792539260562,CHI,Active
10309,Investment,5534.100531738518,NYC,Active
10310,Checking,6779.261591246874,HOU,Active
10311,Checking,5164.567978550848,NYC,Closed
10312,Investment,7130.960750130702,NYC,Active
10313,Investment,3965.4230997992554,CHI,Active
10314,Savings,7818.69488037116,DAL,Closed
10315,Investment,9597.7962472385,CHI,Dormant
10316,Savings,4274.322879120682,DAL,Active
10317,Savings,4108.994957198456,DAL,Active
10318,Savings,,CHI,Active
10319,Savings,8159.144291461425,CHI,Active
10320,Savings,3954.2799456934636,DAL,Active
10321,Checking,4159.626365808285,CHI,Active
10322,Investment,4436.430782278985,DAL,
10323,Savings,2311.098977931446,NYC,Active
10324,Investment,3162.696107031604,CHI,Active
10325,Investment,2991.718466495864,NYC,Active
10326,Savings,3464.4048697917433,HOU,Active
10327,Checking,4930.630225226438,NYC,Active
10328,Savings,5468.429465073042,NYC,Active
10329,Checking,8101.000985628154,DAL,Dormant
10330,Investment,3003.291918522418,NYC,Active
10331,Checking,6968.644796953167,CHI,Active
10332,Checking,4572.0223115489825,DAL,Active
10333,Checking,4901.072580695134,HOU,Active
10334,Investment,6349.638984333207,CHI,Active
10335,Investment,2754.555956875403,HOU,Active
10336,Checking,5764.819492368101,NYC,Active
10337,Checking,5332.904416426112,CHI,Active
10338,Savings,5984.902528016299,CHI,Dormant
10339,Checking,5578.337287815636,HOU,
10340,Savings,9910.600279821789,CHI,Dormant
10341,Checking,3724.520031497368,CHI,Closed
10342,Savings,3938.0060899963646,CHI,Active
10343,Investment,3753.718947150471,NYC,
10344,Checking,3889.0457616794906,HOU,Active
10345,Checking,3725.2257453869647,CHI,
10346,Checking,7378.033062215103,DAL,
10347,Checking,7841.00849597971,DAL,Dormant
10348,Savings,3858.5074125010474,DAL,
10349,Checking,3335.2888537915424,DAL,Active
10350,Investment,5942.831112772808,NYC,Active
10351,Investment,3895.553911438057,CHI,Active
10352,Checking,6265.863635511021,HOU,Active
10353,Investment,5405.846041702599,CHI,Active
10354,Checking,1968.5117700055362,NYC,Active
10355,Checking,8095.010402660124,DAL,
10356,Investment,8591.755346191043,NYC,Active
10357,Checking,3774.4226190312274,CHI,Dormant
10358,Investment,4224.596880128031,HOU,Closed
10359,Savings,5571.73078144981,NYC,Closed
10360,Checking,5668.91357997405,HOU,
10361,Savings,6317.088545345661,NYC,Active
10362,Investment,9020.409077532699,HOU,
10363,Savings,4646.105545011901,HOU,Dormant
10364,Savings,3403.4055109230926,DAL,Active
10365,Investment,2241.3615439709456,HOU,Active
10366,Savings,3538.139920116162,DAL,Dormant
10367,Savings,4933.746054252406,CHI,Active
10368,Investment,8589.115727035576,CHI,Active
10369,Savings,3964.777401927657,DAL,Active
10370,Investment,5447.575903277797,DAL,Active
10371,Savings,4967.154207854496,NYC,Active
10372,Investment,7376.786546896168,NYC,Dormant
10373,Investment,,NYC,Active
10374,Savings,3938.2624541593586,CHI,Active
10375,Savings,4021.1211149635556,NYC,Active
10376,Savings,7088.321754138144,HOU,Active
10377,Checking,6363.782979252623,HOU,Closed
10378,Checking,8693.414651472067,NYC,Active
10379,Checking,6167.856370651928,HOU,Active
10380,Investment,4281.415818425881,CHI,Active
10381,Savings,6181.309661384618,HOU,Active
10382,Investment,,CHI,Dormant
10383,Checking,6640.964362394729,DAL,Dormant
10384,Savings,6014.548062214595,DAL,Active
10385,Investment,7133.349379178308,DAL,Active
10386,Savings,7338.591180891346,DAL,Active
10387,Investment,7764.317982075054,HOU,Active
10388,Savings,6297.419775179285,NYC,Active
10389,Checking,4665.763839366291,HOU,Active
10390,Checking,5293.427372866646,CHI,Active
10391,Savings,7413.017933016714,HOU,Active
10392,Investment,3366.128658025528,HOU,Closed
10393,Checking,5737.346617745802,CHI,
10394,Checking,4213.3223753452785,DAL,Active
10395,Checking,,DAL,Dormant
10396,Savings,7556.903725214597,DAL,Active
10397,Savings,5382.198136039807,NYC,Active
10398,Investment,5092.873096312298,CHI,Dormant
10399,Investment,2280.2877180401615,CHI,Closed
10400,Investment,6492.507132054441,HOU,
10401,Savings,6290.96836228215,NYC,Active
10402,Savings,9326.50944661092,DAL,Active
10403,Investment,4384.443530093999,NYC,Dormant
10404,Investment,5438.300655327878,CHI,Active
10405,Savings,5498.76736742151,CHI,Active
10406,Investment,8154.906559526949,HOU,Active
10407,Checking,4809.408935226096,HOU,Active
10408,Savings,5558.043051540679,CHI,Active
10409,Investment,6215.793019433078,DAL,Active
10410,Savings,5373.2182463127165,DAL,Closed
10411,Checking,4107.132770898944,NYC,Active
10412,Savings,5388.179985796615,CHI,Active
10413,Savings,7147.263499719544,CHI,Active
10414,Savings,2946.9694011778797,DAL,Active
10415,Savings,5265.939348293752,DAL,Active
10416,Checking,3599.7583701216536,CHI,Active
10417,Savings,7390.093257849685,HOU,Closed
10418,Savings,1953.6261904324506,CHI,Active
10419,Investment,3882.1563054568232,CHI,
10420,Savings,5754.423750129042,DAL,Active
10421,Investment,,DAL,Active
10422,Checking,4868.499477854024,HOU,Active
10423,Checking,3889.600946613603,HOU,Active
10424,Checking,8762.31413888118,NYC,Dormant
10425,Checking,2103.972199167512,CHI,Active
10426,Investment,602.3880867598364,DAL,Active
10427,Savings,5880.028900106665,HOU,Closed
10428,Checking,3995.891551294778,NYC,Closed
10429,Savings,2957.534365738574,NYC,Closed
10430,Investment,6416.712894598707,DAL,Active
10431,Investment,5487.601427542398,DAL,Dormant
10432,Investment,3871.842738526543,NYC,Active
10433,Checking,2439.391202658211,HOU,Active
10434,Savings,6744.91465656029,NYC,Active
10435,Savings,6300.402355917322,CHI,Active
10436,Savings,4801.648272441234,CHI,Active
10437,Investment,8693.273992095332,DAL,Active
10438,Checking,2859.830467347695,HOU,Closed
10439,Investment,1948.9496581505223,HOU,Active
10440,Investment,,CHI,Active
10441,Savings,4908.827967289004,NYC,Active
10442,Investment,5486.678898645384,DAL,Closed
10443,Savings,4517.52788428734,NYC,Active
10444,Checking,5704.110793028593,NYC,Active
10445,Savings,2496.9211516191117,NYC,Dormant
10446,Checking,7887.5292081465195,HOU,Dormant
10447,Savings,4835.697643214862,CHI,Active
10448,Investment,7234.591663176256,HOU,Active
10449,Investment,5685.450692755408,CHI,Dormant
10450,Checking,5913.506438307568,DAL,Active
10451,Checking,6139.534560464408,DAL,Active
10452,Checking,5895.41712003463,NYC,Closed
10453,Savings,6285.445519735088,CHI,Active
10454,Savings,7658.305060264863,CHI,Active
10455,Checking,5393.04233940294,CHI,Active
10456,Investment,6418.007515177024,NYC,Active
10457,Savings,4820.528611425547,NYC,Active
10458,,7880.234430898945,DAL,Dormant
10459,Savings,3647.2153958814606,HOU,Active
10460,Checking,8601.880865821631,CHI,Active
10461,Checking,4919.684098711313,CHI,Active
10462,Checking,2138.4497957639037,HOU,Active
10463,Checking,5256.208829821579,CHI,
10464,Checking,3637.8966850502384,NYC,Active
10465,Investment,6681.287097977448,NYC,Active
10466,Investment,3694.752041395218,CHI,Active
10467,Checking,4107.633133570441,NYC,Active
10468,Savings,1220.9185381089378,NYC,Active
10469,Checking,4095.3873615018465,CHI,Dormant
10470,Investment,152.24134674208653,DAL,
10471,Investment,1832.1943530285535,HOU,Active
10472,Savings,6520.829312288595,NYC,Active
10473,Investment,6571.600317301664,DAL,Dormant
10474,Checking,5850.915123569929,NYC,Dormant
10475,Savings,3066.0477137415737,NYC,Active
10476,Checking,4904.577287716041,HOU,Active
10477,Checking,4992.794921818863,NYC,Active
10478,Savings,2683.2706216149145,HOU,Dormant
10479,Checking,8006.7966035343015,HOU,Dormant
10480,Investment,6754.724581151343,HOU,Active
10481,Checking,4558.071652340672,DAL,Active
10482,Savings,5053.771677989062,CHI,Closed
10483,Savings,,DAL,Dormant
10484,Savings,916.5302631514187,CHI,
10485,Checking,4505.645234958806,CHI,Dormant
10486,Savings,3636.031504004403,HOU,Active
10487,Savings,2996.759980210169,NYC,Active
10488,Checking,4437.79941422809,HOU,Active
10489,Investment,8595.373053699044,NYC,Active
10490,Checking,6281.68572253402,CHI,Active
10491,Savings,3857.6420204344067,HOU,Dormant
10492,Savings,6145.165562712317,NYC,Active
10493,Checking,7798.710873172004,DAL,Dormant
10494,Investment,6849.267365825537,NYC,Active
10495,Savings,5119.260739840348,HOU,
10496,Savings,3706.126444588852,DAL,Active
10497,Savings,6396.44662722718,NYC,Active
10498,Checking,5786.970770843499,NYC,Active
10499,Savings,6790.386440055465,NYC,Active
10500,Investment,6270.343603363939,NYC,Dormant
10501,Savings,7099.10543063867,NYC,Dormant
10502,Savings,3929.5295768788637,DAL,Active
10503,Investment,7634.788131268651,CHI,Active
10504,Savings,5395.199209384799,DAL,Active
10505,Checking,9150.521745250531,DAL,Active
10506,Checking,3621.6243638208643,DAL,Closed
10507,Checking,8471.927606330499,CHI,Dormant
10508,Investment,5395.821566925296,HOU,Active
10509,Savings,3697.163992771103,CHI,Dormant
10510,Checking,4032.228331891357,DAL,Active
10511,Investment,4359.3053836113595,NYC,Closed
10512,Savings,5848.3318928038325,NYC,Active
10513,Investment,6045.670976070999,DAL,Dormant
10514,Checking,3852.599992122842,NYC,Closed
10515,Checking,4951.290815478034,DAL,Active
10516,Checking,9284.540717223728,NYC,Dormant
10517,Investment,8455.086340201422,CHI,Active
10518,Investment,5872.647339348065,HOU,Active
10519,Checking,5076.0069563364,HOU,Active
10520,Investment,5240.062653436523,CHI,
10521,Checking,6227.035945460833,CHI,Closed
10522,Checking,2954.414869603189,DAL,Dormant
10523,Savings,4485.246925153309,DAL,Dormant
10524,Investment,1662.8318522448212,DAL,Active
10525,Checking,5798.446245210558,NYC,Closed
10526,Checking,6294.3918794054825,DAL,Active
10527,Investment,4033.627075401252,CHI,Active
10528,Savings,8147.9735265800655,HOU,Active
10529,Savings,2548.4686739953177,NYC,Dormant
10530,Checking,2071.2502395803594,DAL,Dormant
10531,Investment,5448.903637119944,NYC,Active
10532,Savings,7094.19660522431,NYC,Active
10533,Investment,8367.855382915737,DAL,Dormant
10534,Investment,4082.23147426212,NYC,Active
10535,Checking,7157.361666862591,HOU,Dormant
10536,Savings,4922.983060998586,CHI,
10537,Checking,4654.7454001183605,CHI,Active
10538,Savings,6767.319874973345,HOU,Active
10539,Savings,6304.64575682684,NYC,Dormant
10540,Savings,1847.2156860315013,DAL,Dormant
10541,Savings,7953.080699451792,NYC,Active
10542,Savings,7760.182708294903,HOU,
10543,Investment,3748.874596980941,NYC,Active
10544,Checking,5791.607066874818,CHI,Active
10545,Investment,5988.060372565477,NYC,Dormant
10546,Savings,5521.347531647814,HOU,Closed
10547,Checking,,CHI,Active
10548,Savings,3656.7532641238968,NYC,Dormant
10549,Checking,4948.891858017109,NYC,Active
10550,Investment,7345.458038518729,CHI,Active
10551,Checking,6087.200309188865,DAL,Active
10552,Checking,4258.771335827788,CHI,Closed
10553,Checking,6543.39742129669,DAL,Active
10554,Checking,-697.0852412601507,HOU,Active
10555,Checking,7297.531400744207,HOU,Active
10556,Savings,1520.5724424438008,CHI,Closed
10557,Checking,4275.118117193736,CHI,Active
10558,Checking,2760.6602107477124,HOU,Dormant
10559,Investment,2410.6370485581883,DAL,Active
10560,Checking,,HOU,Active
10561,Investment,,CHI,Active
10562,Savings,5693.007763461432,HOU,Dormant
10563,Checking,4906.158842241632,CHI,Closed
10564,Investment,5954.081654446243,CHI,Active
10565,Investment,5153.643782120511,HOU,Active
10566,Savings,2434.0155516228606,DAL,Active
10567,Checking,6992.53363889428,NYC,Active
10568,Checking,4012.486833677375,HOU,Active
10569,Investment,1886.836202680498,NYC,Active
10570,Checking,4143.7696780681745,HOU,Active
10571,Investment,8001.519581268622,NYC,Active
10572,Checking,6700.443484226986,DAL,Active
10573,Investment,4302.695731184282,DAL,Dormant
10574,Checking,4301.4845913631425,HOU,Active
10575,Savings,4356.729897565235,CHI,Active
10576,Checking,9153.495967121682,NYC,Dormant
10577,Checking,5763.870904463107,CHI,Active
10578,Savings,5860.083294382139,CHI,Active
10579,Checking,7060.566908063684,CHI,Active
10580,Savings,5477.578318053027,DAL,Active
10581,Checking,4481.915708358594,HOU,Active
10582,Investment,4607.300301830043,HOU,Active
10583,Investment,4856.797481171872,DAL,Closed
10584,Checking,4925.555526980317,DAL,Active
10585,Checking,6455.25908727396,HOU,Active
10586,Checking,5103.891771614599,CHI,Active
10587,Investment,6465.280154431159,NYC,Active
10588,Checking,4838.566839782836,NYC,Active
10589,Investment,5157.2703806321815,NYC,Dormant
10590,Savings,1003.5986309357845,CHI,Active
10591,Investment,6832.655349404963,HOU,Active
10592,Investment,5692.976951795986,DAL,Active
10593,Savings,6996.020219719305,HOU,Active
10594,Investment,-792.5107563873789,CHI,
10595,Checking,9176.749409561455,DAL,Active
10596,Checking,4720.820743689653,CHI,Active
10597,Investment,7216.365633475033,NYC,Active
10598,Checking,2920.188145748938,NYC,
10599,Investment,6225.547810125139,CHI,Active
10600,Checking,2893.1688736526876,DAL,Active
10601,Checking,3752.4620786083897,DAL,Dormant
10602,Investment,8828.062707733572,HOU,Dormant
10603,Checking,4618.635198473306,NYC,Active
10604,Investment,5434.865746359445,HOU,Active
10605,Checking,6740.135461377508,HOU,Active
10606,Checking,5991.363775945209,CHI,Active
10607,Savings,5300.837810287153,CHI,Active
10608,Savings,5729.92200493245,HOU,Active
10609,Investment,9806.831170476551,NYC,Active
10610,Savings,4884.762405932829,CHI,Active
10611,Investment,5402.198093429935,HOU,Active
10612,Savings,7101.308792015224,HOU,
10613,Checking,7211.051865915968,HOU,Active
10614,Investment,7374.06061112076,HOU,Active
10615,Investment,6277.460444058369,HOU,Active
10616,Checking,2713.990174539033,HOU,
10617,Investment,8266.863064602192,CHI,Active
10618,Investment,2707.309213962624,NYC,Active
10619,Savings,5605.2709304780665,HOU,Active
10620,Investment,3491.448299961284,DAL,Active
10621,Checking,4871.723306814015,CHI,Active
10622,Savings,5657.524820606961,CHI,Active
10623,Savings,,HOU,Active
10624,Checking,5843.841508470569,CHI,
10625,Checking,8227.422538117295,HOU,Active
10626,Savings,5907.068603027959,NYC,Active
10627,Investment,4511.686729418702,NYC,Dormant
10628,Savings,6928.174336576714,CHI,Active
10629,Checking,7378.940977849281,CHI,Active
10630,Savings,2544.784369726015,DAL,Active
10631,Checking,6194.800139699716,CHI,Active
10632,Savings,6402.3454846217965,DAL,Closed
10633,Investment,4404.872993280016,NYC,Closed
10634,Savings,7751.413626623239,NYC,Active
10635,Savings,4699.888825934947,HOU,Active
10636,Checking,5251.152906943084,NYC,Closed
10637,Checking,4653.85635143226,DAL,Dormant
10638,Checking,5031.158095162935,CHI,Closed
10639,Savings,2807.4498262095963,HOU,Active
10640,Investment,2119.8982348114114,DAL,Active
10641,Checking,8189.010126449944,CHI,Dormant
10642,Checking,3306.077303363344,HOU,Active
10643,Savings,3017.2153010873853,NYC,Active
10644,Checking,693.2197727925704,DAL,Active
10645,Investment,3722.0765046209954,CHI,Active
10646,Investment,2353.8204131850034,HOU,Active
10647,Checking,8284.030320272737,HOU,Active
10648,Checking,,NYC,
10649,Savings,3623.699309644552,CHI,Active
10650,Investment,9504.871610688617,NYC,Dormant
10651,Investment,6963.530973983188,NYC,Active
10652,Checking,4350.337232982755,CHI,Active
10653,Savings,1.1885702528534239,CHI,
10654,,9581.885145181484,CHI,Active
10655,Investment,2220.855066472808,DAL,Active
10656,Savings,1709.2025060862165,CHI,Active
10657,Savings,7045.14086401928,HOU,Active
10658,Investment,9879.504812678546,NYC,Dormant
10659,Investment,7768.545637021036,DAL,Closed
10660,Savings,6127.81824010472,CHI,Active
10661,Investment,6189.508683330572,DAL,Active
10662,Checking,6706.831117560616,CHI,Active
10663,Checking,6517.85717957353,DAL,Dormant
10664,Savings,5562.382847938752,NYC,Active
10665,Savings,5208.402207903752,NYC,Active
10666,Savings,4874.813744200956,HOU,Active
10667,Checking,3492.070822266647,HOU,Active
10668,Investment,4438.649846266452,CHI,Active
10669,Checking,1614.086371609229,NYC,Dormant
10670,Investment,4803.3207464105,DAL,Active
10671,Checking,3022.817785698165,DAL,Active
10672,Investment,2792.821365568458,DAL,Closed
10673,Checking,5359.788302306957,HOU,Dormant
10674,Savings,7784.0045726891985,DAL,Active
10675,Checking,6836.633212004626,HOU,Active
10676,Investment,1858.9987927536458,HOU,Active
10677,Checking,3020.743726859325,CHI,Active
10678,Checking,6881.542375976432,DAL,Active
10679,Checking,3035.025212923381,DAL,Active
10680,Savings,4550.733700005951,NYC,Active
10681,Checking,6100.104198049104,CHI,Dormant
10682,Savings,3063.3110902727294,NYC,Active
10683,Savings,5210.75101229192,CHI,Active
10684,Checking,2331.949010163591,DAL,Active
10685,Checking,3797.2647120975726,HOU,
10686,Checking,5639.563868285074,HOU,Dormant
10687,Investment,1814.0125329366615,HOU,Dormant
10688,Checking,5880.949475920798,HOU,Dormant
10689,Savings,4960.724402146638,HOU,Closed
10690,Checking,6104.979908834295,NYC,Active
10691,Investment,5447.828268129323,CHI,Active
10692,Checking,7728.280859947688,DAL,Active
10693,Investment,5250.4490052958145,NYC,Dormant
10694,Investment,4141.188917749494,CHI,Dormant
10695,Checking,5244.595006064567,HOU,Active
10696,Savings,6086.596058072776,CHI,Active
10697,Investment,5097.720140651409,CHI,Active
10698,Checking,5081.183382407765,HOU,Closed
10699,Checking,3596.016624386489,HOU,Active
10700,Savings,3674.1981648981036,HOU,Active
10701,Investment,2194.789456400613,DAL,Active
10702,Investment,8499.153486373878,HOU,Active
10703,Checking,2512.2735292174298,DAL,Closed
10704,Checking,3614.1896044081855,HOU,Active
10705,Savings,3563.185468861605,DAL,Dormant
10706,Savings,6789.848753888882,CHI,Active
10707,Investment,4410.100643415944,NYC,Active
10708,Investment,7495.484145347467,CHI,Active
10709,Checking,3653.018751512263,CHI,Dormant
10710,Investment,5557.988324447604,HOU,Active
10711,Savings,3329.3058934804853,DAL,Active
10712,Savings,9290.298255546777,NYC,Active
10713,Checking,2624.8031619409744,HOU,Closed
10714,Savings,5619.641420454055,HOU,Active
10715,Savings,6267.553761864197,HOU,Dormant
10716,Savings,5827.5981949029965,CHI,Active
10717,Savings,4629.424682244584,DAL,Active
10718,Checking,4740.358600533148,DAL,Active
10719,Checking,5087.622943958219,NYC,Active
10720,Investment,4705.995996743023,DAL,Active
10721,Savings,6927.75823358982,DAL,Active
10722,Investment,9421.046003182702,HOU,Active
10723,Checking,3885.0164299843327,HOU,Closed
10724,Checking,2260.3940408418443,CHI,Active
10725,Checking,4823.435903297491,HOU,Dormant
10726,Checking,10159.418675308636,HOU,Active
10727,Checking,3392.6508640605384,HOU,Active
10728,,8278.233610888135,HOU,Active
10729,Checking,8355.401628152882,CHI,Active
10730,Savings,3892.8235165840106,HOU,Active
10731,Investment,6137.966158370551,NYC,Active
10732,Checking,8256.793246257075,NYC,Active
10733,Savings,4241.744518025026,NYC,Active
10734,Savings,4592.8392797952765,NYC,Closed
10735,Investment,3836.638172102713,HOU,Dormant
10736,Checking,2970.4865386142665,NYC,Active
10737,Investment,3701.444909867986,HOU,Active
10738,Checking,2552.119466475487,CHI,Active
10739,Savings,5068.1669365184525,NYC,Active
10740,Savings,3460.0535378827162,DAL,Active
10741,Savings,5467.571823581496,NYC,Active
10742,Savings,1888.2087075927452,NYC,Active
10743,Investment,5661.760464428914,HOU,Active
10744,Checking,6667.05792321785,NYC,Active
10745,Checking,1012.5287148570892,DAL,Dormant
10746,Investment,5748.113139695144,HOU,Dormant
10747,Checking,7455.337984946585,HOU,Active
10748,Savings,2580.717962617589,CHI,Closed
10749,Checking,8345.144773675407,CHI,
10750,Savings,5838.038018732091,NYC,Active
10751,Investment,3589.9762884831825,CHI,Active
10752,Checking,4888.461844684588,CHI,Active
10753,Investment,6116.653825043445,CHI,Closed
10754,Checking,5152.010782824823,HOU,Closed
10755,Savings,6077.511984892739,HOU,Active
10756,Investment,3158.6528138412677,HOU,Active
10757,Checking,5338.721648072156,CHI,Active
10758,Savings,2172.5710061900395,HOU,Active
10759,,4777.5478773026,CHI,Active
10760,Investment,3192.1847170704204,HOU,Closed
10761,Checking,3528.940114820467,HOU,Active
10762,Checking,7472.186350420874,DAL,Dormant
10763,Checking,7182.620241188538,NYC,Closed
10764,Savings,6218.276241814354,CHI,Dormant
10765,Checking,2815.374470654842,DAL,Active
10766,Investment,4367.183100610397,HOU,Active
10767,Investment,7426.195399958367,CHI,Active
10768,Checking,5283.4338272798095,HOU,Active
10769,Checking,9638.659079963389,NYC,Active
10770,Investment,5786.6356787887435,DAL,Active
10771,Savings,5384.098232980064,NYC,Active
10772,Checking,4381.767071594997,DAL,Active
10773,Checking,5267.0818095645645,HOU,Active
10774,Investment,4695.060327238913,NYC,Active
10775,Checking,6416.217353377181,NYC,Dormant
10776,Savings,6913.404633589168,HOU,Dormant
10777,Investment,3428.021078984101,NYC,Active
10778,Checking,2337.534092884444,CHI,Active
10779,Investment,1327.589253793407,DAL,Active
10780,Checking,6015.982653825087,DAL,Active
10781,Checking,2793.266787652253,DAL,Active
10782,Checking,694.2188140950338,CHI,Closed
10783,Savings,5777.157209061928,DAL,Active
10784,Savings,9985.999034865581,HOU,Active
10785,Investment,4987.858176920214,NYC,Active
10786,Checking,6676.9815489032835,CHI,Active
10787,Checking,5163.65871709513,DAL,Active
10788,Savings,4802.2206936177145,HOU,Active
10789,Checking,6838.152965975537,NYC,Active
10790,Savings,4419.450911622697,NYC,Active
10791,Checking,5534.784628143806,CHI,Active
10792,Investment,5643.395612392027,CHI,Active
10793,Checking,3663.8190927139026,CHI,Active
10794,Checking,6984.084699073046,HOU,
10795,Savings,4650.080486609183,HOU,Active
10796,Checking,3488.5096810143104,CHI,Active
10797,Checking,6073.019687140807,DAL,Active
10798,Savings,3203.0640364179253,NYC,Active
10799,Investment,,NYC,Active
10800,Investment,4981.762006711593,HOU,Active
10801,Savings,7171.791131663156,NYC,Dormant
10802,Savings,5949.396465759905,DAL,Active
10803,Savings,4949.946082509712,NYC,Active
10804,Savings,6635.532598400574,HOU,Active
10805,Savings,7780.415098034627,HOU,Closed
10806,Investment,6115.620612703724,DAL,Active
10807,Investment,5020.705239686761,DAL,Active
10808,Savings,2376.3275352996807,NYC,Active
10809,Checking,2869.7726738492547,NYC,Active
10810,Savings,4389.550591290665,HOU,Active
10811,Checking,3780.975595681434,DAL,Active
10812,Savings,4626.057394029108,DAL,Active
10813,Savings,5113.299849794214,DAL,Active
10814,Investment,6059.385508713462,NYC,Active
10815,Checking,4859.002443881817,DAL,Active
10816,Checking,5973.003287652404,HOU,Closed
10817,Investment,,HOU,Active
10818,Investment,1049.0668672922575,NYC,Active
10819,Investment,3121.3292123624915,CHI,Active
10820,Investment,4711.824888556769,NYC,Active
10821,Checking,2580.6105143177847,CHI,Dormant
10822,Checking,6199.857459992409,DAL,Active
10823,Savings,8061.501664687395,NYC,Active
10824,Savings,7437.523703394633,HOU,Active
10825,Investment,4573.114258139584,DAL,Active
10826,Investment,7981.452273699904,HOU,Active
10827,Investment,,DAL,Active
10828,Savings,4325.828057763922,NYC,Active
10829,Savings,3773.1946729181204,CHI,Dormant
10830,Savings,4395.060627023743,DAL,Active
10831,Savings,4223.646362917542,CHI,Dormant
10832,Savings,5340.832444750976,DAL,Dormant
10833,Savings,5321.147962099729,HOU,Dormant
10834,Savings,5006.0920403068285,HOU,Active
10835,Investment,5873.8763394927,DAL,Active
10836,Investment,7381.292549572683,CHI,Dormant
10837,Investment,6899.108270882647,NYC,Active
10838,Investment,2030.2040631001928,NYC,Active
10839,Savings,-107.8422698039094,HOU,Closed
10840,Checking,6868.639822478547,NYC,Closed
10841,Savings,2266.242603169158,HOU,Active
10842,Checking,4550.469196214633,NYC,Active
10843,Investment,2659.773947881281,DAL,Active
10844,Savings,1396.0391248399606,HOU,Dormant
10845,Investment,6082.925456409576,HOU,Closed
10846,Savings,6518.310320605294,DAL,Active
10847,Investment,3846.979198546561,HOU,Active
10848,Checking,-182.08458428981976,NYC,Closed
10849,Checking,3907.5111034950346,NYC,Active
10850,Checking,5783.608010805093,HOU,Active
10851,Savings,2042.1768624517426,NYC,
10852,Checking,5366.719839558311,CHI,Active
10853,Savings,4969.380301654009,HOU,Active
10854,Checking,6158.582999202177,DAL,Active
10855,Checking,,CHI,Active
10856,Savings,3053.862118236889,HOU,Dormant
10857,Savings,7393.143003328983,DAL,Active
10858,Checking,4682.94085394606,NYC,
10859,Savings,4945.390920980136,DAL,Active
10860,Checking,3133.464081853608,CHI,Active
10861,Savings,4113.43549761698,NYC,Active
10862,Investment,3230.394571946198,HOU,Active
10863,Investment,4654.107880153154,NYC,Active
10864,Investment,8423.416960284687,HOU,Active
10865,Investment,2256.197714137287,HOU,Active
10866,Investment,,DAL,Active
10867,Checking,7942.340654987217,DAL,Dormant
10868,Investment,4581.352645696268,DAL,Active
10869,Investment,3661.854522680167,CHI,Dormant
10870,Investment,7079.809374792153,CHI,Active
10871,Investment,3788.768920526272,DAL,Active
10872,Savings,8652.019427093872,CHI,Active
10873,Checking,6355.851742678538,NYC,Active
10874,Investment,4024.177183708595,NYC,Active
10875,Investment,9314.616426531007,CHI,Dormant
10876,Investment,3788.5701539933234,CHI,Dormant
10877,Checking,6484.190744018614,NYC,Active
10878,Savings,5598.585160812984,HOU,Active
10879,Checking,7603.482578797596,NYC,Dormant
10880,Savings,8123.022393453705,NYC,Active
10881,Investment,5064.008298131534,CHI,Dormant
10882,Investment,3493.164259307633,NYC,Dormant
10883,Checking,5919.944285878233,CHI,Dormant
10884,Checking,3644.5692604957876,CHI,Active
10885,Savings,9026.774495053247,DAL,Active
10886,Savings,5273.0706621654745,NYC,Active
10887,Checking,4269.356897375783,HOU,Active
10888,Savings,5369.360611729817,DAL,Dormant
10889,Checking,2305.747420940607,CHI,Active
10890,Savings,3056.771922978697,CHI,Active
10891,Checking,7400.827815888851,HOU,Closed
10892,Checking,3686.211442057209,CHI,Dormant
10893,Checking,2906.1780346361206,NYC,Closed
10894,Savings,6073.305505054573,DAL,Dormant
10895,Savings,7371.408309325994,CHI,Active
10896,Savings,6437.906621330134,CHI,Active
10897,Checking,,HOU,Closed
10898,Savings,3486.4098228610783,NYC,Active
10899,Savings,2156.3786665163125,CHI,Active
10900,Checking,8002.667303910974,HOU,Active
10901,Investment,4354.640322315729,CHI,Active
10902,Checking,4498.333967089905,HOU,Dormant
10903,Savings,7656.388283698116,HOU,Active
10904,Checking,6112.46001880132,NYC,Active
10905,Investment,5911.775544163215,CHI,Active
10906,Checking,9330.004689802168,NYC,Active
10907,Savings,3712.963539239714,HOU,Active
10908,Investment,6855.6802561624745,DAL,Active
10909,Savings,5114.026249794169,CHI,Closed
10910,Investment,5537.184557726514,DAL,Active
10911,Investment,8056.936852825063,CHI,Active
10912,Checking,6015.671512579247,NYC,Active
10913,Checking,6076.592158099265,NYC,Active
10914,Savings,7145.014674619604,NYC,Active
10915,Checking,4270.09454091423,NYC,Dormant
10916,Checking,3321.580665321987,NYC,Active
10917,Investment,2910.381611957933,DAL,Dormant
10918,Checking,1067.2868212479966,NYC,Active
10919,Investment,9112.414259880645,HOU,Active
10920,Investment,2793.583268556634,HOU,Active
10921,Investment,4557.492752828456,DAL,Closed
10922,Savings,4446.373400222159,CHI,Active
10923,Savings,5614.813395618202,HOU,Active
10924,Savings,6631.474425078593,CHI,Active
10925,Investment,6720.9469767194905,DAL,Active
10926,Savings,3833.8451228621234,CHI,Active
10927,Savings,4665.756572427177,CHI,Active
10928,Checking,5565.1599009766,CHI,Active
10929,Savings,4502.617747632906,CHI,Active
10930,Savings,8214.691152039984,DAL,Active
10931,Investment,5981.9499032765025,HOU,Dormant
10932,Investment,6469.755572099635,NYC,Dormant
10933,Investment,6325.7625373348255,CHI,Dormant
10934,Investment,7346.94771497065,HOU,Active
10935,Investment,5362.043117407414,HOU,Active
10936,Investment,2406.336104088307,DAL,Active
10937,Savings,5799.3759035052835,HOU,Active
10938,Investment,3697.286212416342,DAL,Active
10939,Investment,3942.766636500486,CHI,Active
10940,Checking,6172.728037510186,CHI,Active
10941,Savings,7476.566142867272,NYC,Active
10942,Savings,5042.543153472123,NYC,Closed
10943,Savings,5617.666025197927,NYC,Active
10944,Investment,8404.429889270476,HOU,Active
10945,Investment,5481.506358977136,CHI,Active
10946,Investment,10203.36622836079,DAL,Active
10947,Checking,6131.019291263088,NYC,Active
10948,Investment,1478.4744816883644,DAL,Closed
10949,Checking,6506.683242209065,DAL,Closed
10950,Savings,5762.316769765555,NYC,Active
10951,Investment,7579.505508165492,CHI,Closed
10952,Checking,6346.362702539916,NYC,
10953,Checking,4723.088032032452,DAL,Dormant
10954,Investment,2551.4035274212683,NYC,Dormant
10955,Savings,4581.953485427949,DAL,Active
10956,Savings,3298.9590915813997,DAL,Active
10957,Savings,3838.9531003905545,NYC,Active
10958,Checking,6177.156808841219,HOU,Active
10959,Checking,8339.809008702812,NYC,
10960,Checking,5789.343059645962,HOU,Active
10961,Checking,2608.2338759296313,DAL,Dormant
10962,Savings,5889.205336440282,DAL,Dormant
10963,Investment,7393.262973291303,HOU,Closed
10964,Checking,3780.4341913612357,DAL,
10965,Checking,4731.965666654165,HOU,Active
10966,Savings,5029.376389458394,HOU,Active
10967,Investment,3430.2033738355203,DAL,Active
10968,Investment,6296.560867687718,CHI,Active
10969,Savings,4758.103702784437,HOU,Active
10970,Savings,5839.0648878140555,NYC,Active
10971,Investment,3225.0156443958,NYC,Dormant
10972,Checking,4125.08339935318,DAL,Active
10973,Investment,6444.762715655543,CHI,Active
10974,Savings,4254.333695816466,DAL,Active
10975,,8453.92770246681,CHI,Active
10976,Checking,4200.7276287707955,HOU,Active
10977,Savings,5449.369451503771,HOU,Dormant
10978,Savings,6865.18166374618,HOU,Active
10979,Savings,2163.2685341339366,HOU,Dormant
10980,Investment,1478.3823760384485,NYC,Active
10981,Investment,1948.6873708598105,NYC,Dormant
10982,Checking,7525.168206854364,DAL,Active
10983,Savings,3896.2837082151063,CHI,Active
10984,Checking,10116.398571336504,HOU,Active
10985,Checking,3871.504802685223,HOU,Closed
10986,Checking,5369.1026063940735,CHI,Active
10987,Checking,8084.219905135751,CHI,Active
10988,Savings,9012.185776318245,DAL,
10989,Checking,9123.007153272796,CHI,Dormant
10990,Savings,7416.732461186285,HOU,Active
10991,Savings,7048.125051622925,HOU,Dormant
10992,Investment,6185.053898402366,HOU,Active
10993,Savings,6556.7221523332755,HOU,Active
10994,Investment,3897.628567342933,HOU,Active
10995,Savings,3363.602233155386,DAL,Closed
10996,Savings,4993.251085178096,HOU,Closed
10997,Savings,4659.6307549501435,DAL,Active
10998,Investment,4093.5439013454497,HOU,Active
10999,Investment,6392.774894913431,NYC,Active
11000,Checking,6910.610417141022,NYC,
10784,Savings,9985.999034865581,HOU,Active
10348,Savings,3858.5074125010474,DAL,
10506,Checking,3621.6243638208643,DAL,Closed
10697,Investment,5097.720140651409,CHI,Active
10400,Investment,6492.507132054441,HOU,
